[
  "callRecordId",
  "callType",
  "callStart",
  "callEnd",
  "sessionId",

  "callerIdentityType",
  { "name": "callerIdentityAny", "coalesce": ["callerUPN", "callerPhone", "callerId"], "default": null },

  "calleeIdentityType",
  { "name": "calleeIdentityAny", "coalesce": ["calleeUPN", "calleePhone", "calleeId"], "default": null },

  "segmentId",
  "mediaLabel",
  "streamId",
  "streamDirection",
  "averageJitter",
  "averageAudioDegradation",
  "callerNetworkIP",
  "callerNetworkSubnet"
]
